Code,Name,East,North
2000,2000,9689841.73610000000,4424037.45380000000
2006,2006,9687819.22051000000,4421946.98627000000
2007,2007,9688863.35364000000,4422726.00812000000
2008,2008,9688712.54008000000,4421835.57555000000
2009,2009,9688500.62341000000,4423989.35927000000
2010,2010,9690424.34330000000,4422408.69186000000
2011,2011,9691324.68093000000,4423758.35469000000
2015,2015,9688293.85743000000,4419647.38527000000
2016,2016,9689609.28085000000,4421269.81992000000
2017,2017,9689678.11817000000,4420163.41866000000
2018,2018,9689698.54883000000,4417558.02802000000
2019,2019,9689480.11307000000,4414679.24896000000
2020,2020,9687136.19333000000,4416131.50831000000
2021,2021,9691610.41841000000,4421198.76009000000
2022,2022,9693547.23168000000,4420811.66127000000
2023,2023,9694200.80246000000,4422467.45128000000
2024,2024,9694652.71441000000,4419950.14490000000
2025,2025,9693069.06880000000,4421840.77972000000
2026,2026,9695708.58869000000,4421440.84887000000
2027,2027,9692919.50458000000,4423485.49767000000
2028,2028,9693094.73391000000,4422836.64986000000
2029,2029,9695494.82815000000,4423183.59774000000
2030,2030,9696414.42124000000,4424971.78240000000
2031,2031,9692968.73541000000,4418708.08607000000
2032,2032,9691485.57834000000,4417556.80785000000
2033,2033,9690683.72418000000,4419052.78600000000
2034,2034,9693913.57318000000,4417617.88148000000
2035,2035,9692420.53732000000,4415618.50648000000
2036,2036,9692278.97869000000,4412520.42042000000
2037,2037,9687695.02826000000,4422932.72312000000
2038,2038,9686398.38621000000,4422754.29166000000
2039,2039,9686646.35789000000,4424685.23365000000
2040,2040,9685154.74029000000,4423208.52597000000
2041,2041,9687482.80076000000,4425413.66653000000
2042,2042,9686894.82888000000,4420719.63726000000
2043,2043,9687644.38098000000,4420294.06802000000
2044,2044,9686052.71895000000,4418373.73492000000
2045,2045,9683507.19332000000,4423183.42637000000
2046,2046,9682848.78792000000,4425101.83592000000
2047,2047,9684800.76643000000,4425956.96542000000
2048,2048,9685867.68050000000,4421417.13256000000
2049,2049,9684565.39799000000,4421263.66740000000
2050,2050,9686893.52283000000,4421798.19555000000
2052,2052,9691724.96051000000,4418483.52130000000
2060,2060,9689689.01512000000,4427270.14930000000
2061,2061,9690539.78397000000,4426307.18593000000
2062,2062,9690608.55547000000,4429080.32317000000
2063,2063,9691006.58142000000,4430345.87521000000
2064,2064,9688063.72253000000,4430414.13801000000
2065,2065,9688757.10445000000,4428742.19842000000
2066,2066,9685791.19622000000,4429941.64254000000
2067,2067,9687363.05188000000,4432119.97881000000
2068,2068,9690168.25244000000,4431633.82377000000
2069,2069,9689007.60262000000,4433560.15240000000
2070,2070,9686714.14411000000,4434377.27138000000
2071,2071,9686490.91516000000,4435863.03423000000
2072,2072,9685247.37646000000,4436702.98643000000
2073,2073,9683714.09256000000,4437217.39709000000
2074,2074,9684052.09527000000,4441636.62113000000
2075,2075,9687007.03853000000,4440511.42691000000
2076,2076,9681918.09226000000,4441203.57616000000
2077,2077,9680653.80600000000,4445491.11694000000
2079,2079,9682043.66454000000,4446988.70481000000
2080,2080,9684028.27626000000,4447759.03845000000
2082,2082,9679828.98027000000,4462393.25584000000
2083,2083,9687532.56628000000,4457737.72385000000
2084,2084,9691064.62084000000,4446059.76014000000
2085,2085,9690165.98360000000,4439789.58292000000
2086,2086,9691755.15450000000,4437294.67913000000
2087,2087,9690990.54857000000,4435289.87330000000
2088,2088,9693400.81112000000,4428243.35369000000
2089,2089,9690981.45305000000,4427571.81927000000
2090,2090,9691714.21704000000,4428230.31429000000
2092,2092,9693301.83284000000,4432358.27462000000
2093,2093,9695118.08160000000,4432070.77221000000
2094,2094,9696273.84440000000,4431872.06388000000
2095,2095,9697750.86413000000,4430839.16356000000
2096,2096,9697463.34674000000,4434187.53815000000
2097,2097,9698435.46162000000,4438586.78537000000
2099,2099,9696635.40612000000,4437867.22089000000
2101,2101,9696790.96951000000,4443626.05813000000
2102,2102,9698695.81287000000,4443659.66682000000
2103,2103,9699427.16821000000,4445070.52929000000
2104,2104,9698450.61726000000,4446607.19643000000
2105,2105,9697851.89050000000,4448150.39858000000
2106,2106,9700716.60523000000,4447136.70206000000
2107,2107,9701615.87176000000,4449829.17206000000
2108,2108,9696354.55189000000,4452029.38908000000
2109,2109,9681379.92690000000,4434826.94235000000
2110,2110,9684525.67568000000,4428270.51052000000
2111,2111,9682603.87857000000,4428502.29145000000
2112,2112,9680998.96125000000,4430611.31491000000
2113,2113,9683058.25315000000,4432758.07073000000
2114,2114,9678502.49237000000,4431168.89539000000
2115,2115,9676343.19781000000,4430834.69397000000
2116,2116,9674609.05027000000,4430751.76796000000
2117,2117,9674596.39099000000,4432630.04500000000
2118,2118,9675135.85404000000,4434842.72514000000
2119,2119,9677072.42181000000,4437160.31726000000
2120,2120,9678128.39005000000,4440156.64820000000
2121,2121,9678467.94950000000,4435452.62995000000
2122,2122,9679621.73636000000,4433922.56047000000
2125,2125,9674156.75084000000,4437928.70439000000
2126,2126,9675435.19935000000,4440813.46536000000
2127,2127,9676915.30848000000,4427642.59461000000
2128,2128,9675102.83709000000,4428437.12941000000
2129,2129,9677228.82975000000,4425128.57153000000
2130,2130,9683237.05534000000,4421604.41376000000
2131,2131,9682206.27203000000,4422005.05562000000
2132,2132,9681230.28782000000,4422993.19751000000
2133,2133,9680013.81552000000,4421172.12836000000
2134,2134,9680156.98098000000,4423281.76895000000
2135,2135,9678119.05786000000,4423302.47479000000
2136,2136,9678144.77979000000,4421625.32524000000
2137,2137,9680229.08384000000,4425853.00535000000
2138,2138,9678799.80463000000,4427511.45700000000
2139,2139,9679614.80712000000,4427755.17102000000
2141,2141,9674879.75866000000,4424596.13904000000
2142,2142,9672387.04795000000,4428324.01515000000
2143,2143,9672933.75896000000,4422394.21090000000
2144,2144,9673018.66839000000,4426138.12904000000
2145,2145,9666509.92193000000,4430829.51038000000
2146,2146,9666529.11547000000,4433592.64471000000
2147,2147,9665107.59815000000,4436061.65270000000
2148,2148,9661843.24471000000,4435416.57114000000
2150,2150,9671504.43031000000,4430613.45934000000
2151,2151,9672252.27082000000,4434018.81643000000
2152,2152,9670379.77574000000,4433755.41513000000
2153,2153,9668778.09893000000,4437340.40235000000
2154,2154,9671122.82911000000,4440280.97699000000
2155,2155,9665627.20320000000,4444237.67344000000
2156,2156,9668815.23695000000,4448741.68143000000
2157,2157,9672759.59013000000,4461125.01478000000
2158,2158,9674665.48875000000,4446004.13042000000
2159,2159,9677677.78367000000,4451188.42079000000
2160,2160,9669099.88813000000,4428317.02835000000
2161,2161,9668874.31626000000,4426007.89662000000
2162,2162,9670803.03350000000,4423221.64059000000
2163,2163,9668495.20405000000,4422724.83222000000
2164,2164,9663134.71855000000,4427540.68934000000
2165,2165,9665648.81474000000,4424647.10422000000
2166,2166,9664790.60042000000,4422203.33333000000
2167,2167,9660325.20466000000,4413616.03206000000
2168,2168,9658918.16109000000,4420068.92332000000
2170,2170,9662803.84132000000,4417771.63125000000
2171,2171,9655747.37212000000,4419458.99877000000
2172,2172,9668380.84583000000,4414020.97504000000
2173,2173,9661860.07505000000,4402911.58321000000
2174,2174,9656979.91012000000,4414921.34288000000
2175,2175,9656664.69870000000,4428242.45847000000
2176,2176,9659837.97333000000,4424808.06504000000
2177,2177,9659480.26030000000,4422415.51582000000
2178,2178,9652174.11945000000,4425021.91368000000
2179,2179,9651881.06971000000,4416048.59420000000
2190,2190,9675575.00008000000,4420908.51276000000
2191,2191,9678385.45008000000,4420426.41871000000
2192,2192,9678650.77880000000,4418794.82700000000
2193,2193,9681568.59414000000,4419832.17988000000
2194,2194,9679921.37833000000,4419472.14544000000
2195,2195,9677118.79852000000,4418628.04052000000
2196,2196,9675950.79550000000,4417575.07296000000
2197,2197,9670156.41641000000,4421306.23117000000
2198,2198,9669358.59564000000,4420266.18907000000
2199,2199,9672284.82175000000,4420594.50260000000
2200,2200,9671667.20009000000,4418697.48350000000
2203,2203,9683348.58209000000,4420279.84948000000
2204,2204,9684809.86537000000,4419430.25104000000
2205,2205,9683971.58403000000,4416631.24995000000
2206,2206,9682006.99238000000,4418027.60605000000
2207,2207,9681448.79605000000,4415505.55714000000
2208,2208,9679487.21208000000,4416506.51662000000
2209,2209,9677378.21706000000,4415665.27625000000
2210,2210,9675040.28664000000,4414091.91729000000
2211,2211,9673226.67555000000,4414954.01414000000
2212,2212,9671539.23765000000,4415722.58514000000
2213,2213,9670172.92300000000,4414257.08857000000
2214,2214,9668586.40551000000,4416898.34006000000
2216,2216,9683863.70848000000,4414815.56929000000
2217,2217,9682871.01033000000,4412580.00262000000
2218,2218,9681245.64809000000,4412872.87787000000
2219,2219,9682636.24972000000,4410276.38627000000
2220,2220,9679369.94611000000,4413731.33691000000
2221,2221,9679942.34434000000,4411256.76354000000
2222,2222,9678230.86937000000,4413776.41053000000
2223,2223,9676952.26432000000,4412377.44677000000
2224,2224,9679456.54955000000,4408180.87867000000
2225,2225,9677444.20020000000,4409423.49745000000
2226,2226,9675782.68818000000,4408684.84669000000
2227,2227,9677857.59393000000,4405142.18421000000
2228,2228,9679476.92138000000,4405773.87717000000
2229,2229,9681194.32013000000,4404731.15691000000
2230,2230,9683345.54621000000,4403110.54768000000
2231,2231,9687950.47201000000,4406840.39648000000
2233,2233,9674321.55882000000,4398132.59618000000
2234,2234,9670563.05030000000,4408168.30691000000
2250,2250,9693095.95508000000,4485408.81286000000
2251,2251,9709023.90627000000,4466359.33677000000
2256,2256,9696350.04477000000,4466497.61337000000
2257,2257,9703872.12383000000,4462544.61426000000
2258,2258,9704341.47452000000,4484770.79268000000
2259,2259,9708554.29180000000,4499008.64017000000
2260,2260,9713005.43001000000,4472047.91961000000
2261,2261,9715469.77680000000,4480145.21037000000
2262,2262,9723238.94208000000,4496049.86349000000
2263,2263,9722833.25181000000,4490042.57148000000
2264,2264,9717465.25143000000,4507094.25098000000
2265,2265,9715208.10347000000,4515347.72422000000
2267,2267,9728339.01702000000,4511204.21725000000
2278,2278,9726063.73137000000,4526266.53968000000
2280,2280,9736553.31118000000,4516129.03879000000
2281,2281,9732141.82058000000,4504803.75928000000
2282,2282,9734902.53431000000,4521039.23984000000
2283,2283,9726685.34397000000,4516837.14704000000
2284,2284,9731044.47804000000,4523736.26967000000
2285,2285,9733734.42966000000,4526714.63737000000
2287,2287,9735080.62760000000,4530589.42984000000
2289,2289,9740399.08454000000,4524611.10354000000
2290,2290,9739506.41483000000,4520721.91233000000
2291,2291,9743748.05818000000,4524210.46707000000
2292,2292,9743085.56771000000,4527064.38738000000
2293,2293,9745049.11022000000,4527730.01555000000
2294,2294,9745944.18452000000,4527972.02789000000
2295,2295,9749963.32551000000,4532021.91064000000
2296,2296,9744274.16666000000,4527896.65298000000
2297,2297,9744633.38595000000,4528610.32214000000
2298,2298,9741778.28695000000,4529143.75410000000
2299,2299,9740239.51710000000,4528672.46306000000
2300,2300,9746817.61386000000,4525915.33946000000
2302,2302,9745413.94806000000,4526277.37407000000
2303,2303,9744191.85050000000,4526380.64500000000
2304,2304,9743741.96139000000,4532404.50412000000
2306,2306,9737637.93763000000,4519606.33384000000
2307,2307,9739167.36838000000,4532004.73142000000
2308,2308,9740440.75078000000,4530483.58136000000
2311,2311,9720391.35279000000,4601713.71290000000
2312,2312,9809020.28097000000,4613149.73228000000
2314,2314,9753197.27634000000,4541000.85476000000
2315,2315,9782792.05240000000,4545754.77011000000
2316,2316,9772513.51810000000,4542490.78953000000
2317,2317,9777443.31337000000,4546835.89142000000
2318,2318,9756888.36268000000,4545352.87446000000
2319,2319,9768924.46421000000,4545664.96229000000
2323,2323,9725420.93356000000,4536091.90076000000
2324,2324,9761355.90211000000,4555911.78226000000
2325,2325,9689534.33163000000,4524677.97855000000
2326,2326,9717326.91956000000,4543333.26385000000
2327,2327,9719795.25662000000,4538267.24515000000
2328,2328,9631398.50703000000,4573291.09163000000
2329,2329,9603455.71604000000,4626534.32246000000
2330,2330,9675982.70374000000,4562195.33993000000
2333,2333,9659009.16799000000,4603535.45254000000
2334,2334,9712109.42402000000,4555648.75283000000
2335,2335,9711445.03610000000,4563001.98578000000
2336,2336,9684504.04609000000,4616903.12784000000
2337,2337,9675480.16664000000,4635682.93026000000
2338,2338,9693619.04481000000,4659969.01580000000
2339,2339,9635192.07460000000,4662395.33675000000
2341,2341,9648080.99164000000,4702290.63935000000
2342,2342,9639105.77814000000,4729538.90505000000
2343,2343,9627331.78764000000,4687404.83663000000
2344,2344,9657544.05796000000,4727153.63628000000
2345,2345,9664509.67375000000,4757362.73230000000
2346,2346,9643199.56454000000,4787093.62152000000
2347,2347,9642119.98783000000,4818315.51455000000
2350,2350,9776946.15351000000,4805334.26334000000
2351,2351,9745428.77629000000,4796889.91838000000
2352,2352,9700568.85205000000,4729013.56087000000
2353,2353,9686716.07722000000,4748198.80559000000
2354,2354,9751434.03109000000,4723805.75611000000
2355,2355,9687771.17463000000,4769846.57767000000
2357,2357,9538478.41489000000,4718513.66783000000
2358,2358,9718872.88092000000,4791413.39177000000
2359,2359,9696027.31994000000,4835559.35272000000
2360,2360,9694200.96912000000,4886388.29088000000
2361,2361,9711816.57684000000,4933152.20657000000
2365,2365,9762821.88002000000,4842236.86240000000
2369,2369,9715035.81614000000,4848684.01329000000
2370,2370,9775456.96278000000,4895281.12731000000
2372,2372,9781599.89802000000,4957116.91079000000
2380,2380,9602898.95602000000,4758531.49952000000
2381,2381,9597052.18413000000,4709285.04164000000
2382,2382,9594964.86144000000,4780751.00774000000
2386,2386,9472930.54650000000,4855016.78231000000
2388,2388,9523274.60054000000,4815835.59335000000
2390,2390,9580946.77392000000,4817228.86754000000
2395,2395,9523473.09138000000,4675723.41651000000
2396,2396,9495225.59965000000,4752633.96313000000
2397,2397,9565903.73017000000,4857967.54197000000
2399,2399,9591065.88887000000,4880633.51097000000
2400,2400,9550109.28903000000,4924141.40492000000
2401,2401,9622915.40740000000,4899079.50426000000
2402,2402,9647464.96683000000,4925221.91011000000
2403,2403,9669298.46185000000,4892425.68113000000
2404,2404,9642940.39997000000,4862289.48057000000
2405,2405,9555923.23693000000,4978681.24288000000
2406,2406,9508217.49642000000,4966460.05277000000
2408,2408,9633484.91189000000,4973431.68743000000
2409,2409,9609068.22403000000,4995745.20822000000
2410,2410,9677956.67871000000,4974415.65052000000
2415,2415,9754315.72035000000,4602256.52894000000
2420,2420,9741371.61793000000,4591790.46490000000
2421,2421,9727535.11871000000,4570337.50208000000
2422,2422,9755995.62468000000,4636762.25976000000
2423,2423,9792450.36732000000,4584878.69145000000
2424,2424,9779571.75237000000,4666701.38048000000
2425,2425,9768694.32858000000,4582941.72408000000
2426,2426,9830352.83484000000,4646020.46642000000
2427,2427,9837078.19573000000,4640659.95979000000
2428,2428,9815967.69059000000,4598522.36344000000
2430,2430,9818967.09150000000,4637916.31748000000
2431,2431,9877975.20627000000,4743467.90568000000
2439,2439,9834166.29439000000,4665869.92043000000
2440,2440,9832184.85686000000,4745183.08233000000
2443,2443,9841064.13887000000,4659803.15999000000
2444,2444,9858803.66481000000,4691402.31824000000
2445,2445,9852857.33939000000,4671109.93727000000
2446,2446,9817503.35858000000,4695272.02798000000
2447,2447,9853633.39935000000,4765412.17434000000
2448,2448,9871383.07236000000,4778491.37779000000
2449,2449,9848128.44033000000,4778726.61335000000
2450,2450,9877075.00965000000,4823975.34417000000
2452,2452,9884933.70116000000,4805161.31580000000
2453,2453,9836563.74856000000,4823572.43387000000
2454,2454,9851190.91890000000,4796707.97934000000
2455,2455,9874925.56104000000,4787279.40217000000
2456,2456,9893046.81157000000,4836626.37025000000
2460,2460,9853804.21371000000,4880172.00389000000
2464,2464,9911526.95298000000,4892453.26529000000
2465,2465,9906128.79348000000,4908545.47035000000
2466,2466,9916468.25178000000,4908839.61154000000
2469,2469,9849559.85548000000,4954044.77822000000
2470,2470,9879123.45275000000,4972258.79372000000
2471,2471,9906135.67154000000,4951004.56409000000
2472,2472,9913978.23609000000,4937174.67976000000
2473,2473,9921938.94029000000,4942678.11824000000
2474,2474,9881452.63910000000,5010589.51029000000
2475,2475,9833417.15035000000,5019139.46514000000
2477,2477,9927284.20350000000,4965836.75198000000
2478,2478,9936998.89812000000,4969293.81217000000
2479,2479,9936661.55772000000,4985590.91691000000
2480,2480,9911500.88799000000,4983498.42737000000
2481,2481,9941347.57911000000,4992970.90509000000
2482,2482,9928702.75038000000,5003105.88037000000
2483,2483,9936117.53342000000,5011908.29282000000
2484,2484,9918848.58736000000,5022952.73040000000
2485,2485,9939973.62856000000,5043586.85403000000
2486,2486,9934491.23873000000,5039258.81351000000
2487,2487,9942559.85875000000,5033013.94369000000
2488,2488,9944377.93999000000,5026354.54709000000
2489,2489,9943417.04842000000,5021400.54417000000
2490,2490,9935270.53138000000,5035202.53152000000
2500,2500,9657430.63687000000,4363572.71978000000
2502,2502,9657111.06314000000,4356168.28963000000
2505,2505,9658024.82765000000,4358686.36186000000
2506,2506,9653955.91113000000,4357539.82714000000
2508,2508,9665020.95399000000,4389465.83591000000
2515,2515,9662746.44769000000,4377565.64691000000
2516,2516,9660823.46390000000,4373566.46763000000
2517,2517,9659480.52160000000,4372217.00476000000
2518,2518,9659180.71329000000,4369058.15590000000
2519,2519,9657662.78154000000,4366925.40862000000
2525,2525,9654517.10308000000,4363827.53840000000
2526,2526,9650395.90970000000,4360547.44602000000
2527,2527,9642562.24967000000,4347038.94584000000
2528,2528,9655278.82226000000,4350339.49786000000
2529,2529,9652196.95449000000,4344236.92806000000
2530,2530,9646049.34523000000,4353834.93393000000
2533,2533,9645046.77134000000,4336533.11098000000
2534,2534,9646802.64370000000,4328591.09229000000
2535,2535,9638164.46856000000,4324647.09263000000
2536,2536,9581631.79673000000,4227790.82470000000
2537,2537,9578605.90249000000,4200092.90703000000
2538,2538,9600594.08897000000,4254027.52740000000
2540,2540,9628972.93959000000,4299210.40017000000
2541,2541,9628475.54947000000,4314848.15232000000
2545,2545,9550258.78840000000,4171863.08757000000
2546,2546,9574804.29086000000,4154931.73693000000
2548,2548,9561648.51594000000,4093152.95008000000
2549,2549,9553570.15885000000,4080287.18011000000
2550,2550,9546539.97438000000,4110551.25512000000
2551,2551,9540203.42945000000,4055231.84531000000
2555,2555,9646665.96689000000,4423055.18681000000
2556,2556,9645169.29660000000,4419035.91568000000
2557,2557,9649067.50233000000,4414048.00907000000
2558,2558,9652164.68091000000,4407413.45655000000
2559,2559,9651104.21071000000,4405818.00296000000
2560,2560,9651720.33974000000,4393518.57661000000
2563,2563,9645966.30630000000,4399352.61144000000
2564,2564,9660276.52856000000,4410852.19586000000
2565,2565,9656242.23519000000,4411686.66305000000
2566,2566,9655142.11514000000,4408171.08092000000
2567,2567,9646875.56381000000,4405794.59994000000
2569,2569,9644244.75812000000,4395825.72103000000
2570,2570,9632454.21463000000,4406103.55742000000
2572,2572,9624196.46858000000,4390783.09920000000
2573,2573,9631399.45954000000,4385835.47638000000
2574,2574,9641528.47568000000,4370903.63585000000
2575,2575,9608660.03924000000,4373540.01264000000
2576,2576,9622837.49074000000,4353836.66375000000
2577,2577,9607916.27831000000,4344604.00452000000
2578,2578,9602952.55112000000,4339103.17247000000
2580,2580,9554640.13507000000,4335084.95869000000
2581,2581,9506915.93994000000,4332363.67302000000
2582,2582,9466645.52059000000,4309292.97094000000
2583,2583,9514914.42500000000,4386693.90715000000
2584,2584,9452581.88708000000,4340869.54444000000
2585,2585,9439246.61853000000,4348828.49447000000
2586,2586,9467619.84252000000,4382780.43902000000
2587,2587,9422064.20704000000,4355200.87397000000
2588,2588,9402964.73048000000,4359055.17556000000
2590,2590,9387140.74188000000,4339149.71693000000
2594,2594,9404832.83636000000,4388823.11592000000
2601,2601,9493602.01418000000,4272463.15195000000
2602,2602,9495230.88175000000,4276064.95073000000
2603,2603,9493939.01625000000,4267173.47406000000
2604,2604,9495967.63951000000,4266879.73880000000
2605,2605,9490616.95295000000,4266918.41705000000
2606,2606,9490636.36431000000,4265016.17643000000
2607,2607,9491558.84083000000,4262725.55720000000
2609,2609,9500304.13527000000,4270576.92361000000
2611,2611,9478833.91502000000,4261383.01949000000
2612,2612,9495916.36649000000,4272032.90630000000
2614,2614,9487590.15845000000,4276097.14633000000
2615,2615,9485829.51566000000,4277370.75505000000
2617,2617,9490656.61949000000,4278341.92421000000
2618,2618,9488789.52654000000,4293518.58710000000
2619,2619,9500766.68703000000,4260783.39574000000
2621,2621,9521956.72419000000,4262275.03870000000
2622,2622,9570558.55871000000,4265441.15213000000
2623,2623,9517129.98224000000,4227091.94803000000
2625,2625,9417584.03942000000,4137389.74832000000
2626,2626,9497316.07015000000,4199449.04816000000
2628,2628,9458062.07566000000,4157165.72902000000
2629,2629,9464743.09887000000,4185089.70004000000
2630,2630,9500002.26109000000,4174348.77892000000
2631,2631,9504774.50563000000,4122390.76293000000
2632,2632,9495978.62584000000,4094022.48610000000
2633,2633,9458879.76179000000,4091384.64472000000
2640,2640,9289162.73048000000,4194162.58380000000
2641,2641,9292790.87849000000,4190501.55300000000
2643,2643,9266024.88162000000,4199056.72193000000
2644,2644,9340153.73612000000,4219315.66705000000
2645,2645,9234000.44709000000,4268563.58121000000
2646,2646,9230928.75860000000,4214429.57254000000
2647,2647,9208632.74017000000,4195591.58438000000
2648,2648,8858129.39550000000,4455571.24235000000
2649,2649,9414211.64896000000,4174526.23794000000
2650,2650,9336435.86319000000,4291729.77114000000
2651,2651,9342347.87078000000,4289193.69151000000
2653,2653,9387245.92046000000,4223604.90264000000
2655,2655,9309493.41686000000,4275314.72154000000
2656,2656,9269245.36907000000,4280999.70630000000
2658,2658,9289100.52004000000,4253605.68836000000
2659,2659,9288960.35021000000,4221687.92233000000
2660,2660,9310708.65704000000,4231979.80992000000
2661,2661,9325989.38006000000,4288040.35329000000
2663,2663,9353237.82732000000,4320359.01281000000
2665,2665,9284289.14283000000,4381669.15539000000
2666,2666,9354114.49788000000,4376792.99381000000
2668,2668,9336396.26619000000,4405842.16150000000
2669,2669,9263442.82456000000,4441807.17037000000
2671,2671,9331255.25542000000,4430960.23689000000
2672,2672,9237446.50585000000,4485532.83941000000
2675,2675,9160257.71428000000,4497217.82878000000
2678,2678,9332403.44483000000,4298874.72123000000
2680,2680,9205273.94313000000,4381536.66394000000
2681,2681,9221458.18428000000,4394178.36007000000
2700,2700,9253304.53300000000,4322720.95988000000
2701,2701,9322833.08490000000,4336809.71547000000
2702,2702,9303756.21122000000,4328366.56956000000
2703,2703,9245028.73340000000,4347103.97195000000
2705,2705,9234379.04162000000,4360368.51454000000
2706,2706,9215287.16203000000,4341527.04763000000
2707,2707,9177367.06481000000,4335612.19124000000
2711,2711,9103751.92716000000,4396681.50489000000
2712,2712,9195449.65151000000,4222446.36617000000
2713,2713,9168940.86731000000,4239832.70048000000
2714,2714,9164516.42881000000,4217775.24818000000
2715,2715,8997578.49945000000,4417182.75560000000
2716,2716,9187632.24042000000,4281282.65318000000
2717,2717,8846427.35736000000,4395878.83823000000
2720,2720,9432352.13328000000,4248591.51370000000
2721,2721,9383141.39844000000,4419756.14864000000
2722,2722,9409727.49019000000,4291963.17189000000
2725,2725,9382360.28992000000,4367388.20003000000
2726,2726,9431778.86089000000,4327194.49597000000
2727,2727,9415949.84021000000,4308216.06858000000
2729,2729,9388454.99369000000,4272764.07675000000
2730,2730,9403670.30547000000,4244220.56595000000
2732,2732,9045547.91683000000,4256882.46791000000
2733,2733,9017965.21585000000,4302981.63538000000
2735,2735,8995882.10476000000,4273387.50091000000
2736,2736,8970683.83218000000,4302335.44186000000
2737,2737,8921841.05597000000,4370746.26005000000
2738,2738,8861425.67744000000,4382803.40949000000
2739,2739,8856604.34520000000,4389755.99305000000
2745,2745,9640039.19409000000,4426343.03310000000
2747,2747,9648005.13792000000,4440746.85131000000
2748,2748,9645838.99463000000,4432247.17315000000
2749,2749,9642342.37981000000,4444976.04196000000
2750,2750,9641264.50944000000,4438491.34958000000
2752,2752,9632475.89935000000,4419609.85502000000
2753,2753,9644300.46477000000,4454043.15998000000
2754,2754,9646107.40511000000,4460327.05773000000
2756,2756,9648060.86713000000,4487196.45937000000
2757,2757,9644072.38739000000,4460965.18136000000
2758,2758,9625598.14126000000,4458827.71800000000
2759,2759,9651527.78738000000,4432339.22864000000
2760,2760,9650611.32714000000,4437876.23850000000
2761,2761,9656781.58614000000,4439044.44427000000
2762,2762,9659660.28977000000,4443486.12937000000
2763,2763,9660971.50217000000,4440583.82380000000
2765,2765,9658333.71349000000,4449306.60142000000
2766,2766,9657705.72516000000,4432589.15339000000
2767,2767,9659129.12338000000,4436613.71441000000
2768,2768,9664656.71838000000,4440458.56762000000
2769,2769,9662762.39621000000,4443032.58567000000
2770,2770,9653754.68943000000,4437820.38700000000
2773,2773,9636455.79669000000,4437312.81636000000
2774,2774,9635718.26304000000,4440954.25866000000
2775,2775,9672920.00002000000,4489909.43806000000
2776,2776,9629642.46474000000,4446434.68232000000
2777,2777,9634792.54102000000,4445563.64192000000
2778,2778,9624113.11694000000,4441855.12277000000
2779,2779,9620498.08371000000,4441486.59484000000
2780,2780,9607157.59863000000,4445199.34364000000
2782,2782,9613626.96075000000,4442894.82389000000
2783,2783,9618696.15419000000,4442839.08607000000
2784,2784,9617120.13492000000,4441950.47821000000
2785,2785,9601003.29892000000,4445296.33305000000
2786,2786,9602606.76809000000,4463565.62010000000
2787,2787,9585409.18972000000,4419400.12713000000
2791,2791,9490426.40606000000,4464606.45789000000
2792,2792,9488606.29648000000,4449217.46372000000
2793,2793,9468133.78425000000,4440840.23406000000
2794,2794,9446411.47481000000,4431331.85368000000
2795,2795,9537252.29442000000,4467822.86188000000
2797,2797,9489458.72321000000,4451476.05317000000
2798,2798,9497141.13561000000,4477616.83094000000
2799,2799,9509398.46258000000,4454786.60519000000
2800,2800,9495374.42556000000,4497537.91246000000
2803,2803,9439755.29189000000,4402140.76376000000
2804,2804,9453697.89548000000,4465912.12241000000
2805,2805,9433670.55731000000,4456181.40610000000
2806,2806,9423895.44670000000,4484879.21331000000
2807,2807,9444077.14382000000,4411497.55259000000
2808,2808,9484988.72782000000,4429062.03090000000
2809,2809,9430228.75764000000,4419271.93745000000
2810,2810,9393999.42887000000,4434627.53696000000
2820,2820,9488240.44248000000,4572003.44126000000
2821,2821,9407495.39711000000,4609656.49471000000
2823,2823,9388019.83268000000,4637800.80488000000
2824,2824,9363446.64827000000,4725931.08344000000
2825,2825,9292748.83858000000,4661613.89638000000
2827,2827,9454074.49932000000,4673130.22816000000
2828,2828,9429971.11521000000,4719395.66220000000
2829,2829,9435669.79900000000,4770565.20145000000
2830,2830,9454362.01097000000,4603942.00476000000
2832,2832,9402573.46390000000,4862745.43347000000
2833,2833,9452998.79986000000,4920286.69281000000
2834,2834,9398942.48194000000,4939898.56037000000
2835,2835,9133678.54759000000,4684163.19918000000
2836,2836,8973727.59295000000,4727980.78095000000
2839,2839,9283461.50650000000,4872743.73525000000
2840,2840,9142127.32976000000,4868328.35226000000
2842,2842,9503114.33904000000,4648074.29444000000
2843,2843,9561390.29788000000,4658474.89317000000
2844,2844,9525296.19898000000,4632666.29674000000
2845,2845,9581222.60305000000,4475017.36092000000
2846,2846,9575256.99120000000,4502996.09825000000
2847,2847,9576954.53680000000,4484498.11778000000
2848,2848,9571954.50674000000,4535481.54432000000
2849,2849,9603857.14840000000,4529351.96129000000
2850,2850,9549183.81339000000,4567008.75270000000
2852,2852,9528986.11387000000,4599837.00697000000
2864,2864,9467180.92292000000,4491044.50440000000
2865,2865,9453790.03498000000,4503038.76090000000
2866,2866,9468088.11768000000,4518383.40225000000
2867,2867,9447345.70054000000,4537493.88873000000
2868,2868,9452943.37382000000,4553789.06442000000
2869,2869,9404793.80985000000,4566163.71146000000
2870,2870,9409330.30428000000,4519766.61770000000
2871,2871,9377596.23834000000,4474171.65347000000
2873,2873,9327307.06989000000,4602717.01130000000
2874,2874,9366023.85703000000,4578722.88236000000
2875,2875,9347130.47202000000,4548307.69378000000
2876,2876,9364803.02018000000,4515199.16308000000
2877,2877,9238814.81329000000,4562476.78321000000
2878,2878,9048005.02065000000,4536073.08159000000
2879,2879,8980519.20170000000,4571388.23979000000
2880,2880,8842053.54112000000,4779111.42122000000
2898,2898,10444575.72400000000,4626587.20928000000
2642,2642,9250466.49479000000,4242752.25544000000
2642,2642,9390042.46560000000,4196285.13842000000
2642,2642,9298422.07469000000,4270874.32042000000
2652,2652,9155598.08904000000,4428121.07300000000
2652,2652,9282912.04239000000,4342746.09076000000
2652,2652,9236149.59244000000,4299441.68593000000
2652,2652,9370124.76819000000,4258875.20919000000
2652,2652,9351627.82992000000,4328432.89411000000
2652,2652,9323221.46605000000,4271688.14449000000
2652,2652,9339473.56547000000,4290765.47640000000
2652,2652,9332147.42767000000,4324855.97811000000
2652,2652,9347059.99953000000,4282241.40114000000
2571,2571,9636794.75809000000,4390685.23232000000
2571,2571,9625498.50780000000,4379264.57325000000
2831,2831,9285879.01728000000,4746235.02526000000
2831,2831,9366901.90293000000,4796743.17364000000
2831,2831,9342884.25574000000,4944860.09401000000
2831,2831,9463128.55882000000,4698953.85820000000
2831,2831,9352110.72650000000,4653563.87179000000
2831,2831,9448428.71931000000,4647167.18538000000
2831,2831,9509881.55535000000,4659238.16715000000
2831,2831,9469357.52786000000,4604182.29208000000
2831,2831,9472015.08142000000,4593191.99252000000
2140,2140,9677622.71678000000,4425059.09318000000
2321,2321,9746247.12390000000,4563555.50506000000
2321,2321,9716503.92645000000,4554699.91056000000
2321,2321,9735842.85308000000,4546856.66734000000
2321,2321,9723428.75662000000,4544075.53464000000
2441,2441,9846118.85929000000,4708689.03632000000
2441,2441,9860563.49569000000,4752104.76173000000
2441,2441,9878104.56176000000,4803365.77113000000
2462,2462,9895575.51882000000,4878167.35759000000
2462,2462,9904971.86733000000,4859026.91488000000
2462,2462,9909353.66452000000,4868444.00131000000
2462,2462,9909112.55371000000,4868736.48563000000
2568,2568,9641997.21342000000,4394366.08066000000
2568,2568,9645476.84737000000,4396444.17685000000
2627,2627,9439168.78968000000,4130150.18240000000
2627,2627,9446135.71026000000,4208601.23381000000
2790,2790,9590357.42662000000,4464664.67787000000
2790,2790,9582696.99387000000,4490517.23132000000
2600,2600,9492583.43432000000,4269898.38996000000
2600,2600,9500643.58911000000,4264887.43186000000
2900,2900,9492036.33065000000,4248061.37740000000
2902,2902,9487598.72522000000,4260829.85337000000
2903,2903,9490374.54767000000,4259270.31069000000
2904,2904,9492137.27979000000,4258190.48550000000
2905,2905,9492231.14996000000,4255607.85664000000
2906,2906,9490873.97945000000,4252465.80198000000
2911,2911,9494096.81098000000,4280067.51395000000
2912,2912,9495439.46760000000,4284485.30207000000
3490,3490,8798483.25584000000,4275470.52618000000
3494,3494,8856336.93704000000,4345158.83110000000
3496,3496,8797946.91295000000,4369673.20562000000
3498,3498,8854279.20932000000,4379031.78433000000
3500,3500,8850104.11850000000,4383863.98689000000
3505,3505,8841720.65577000000,4386396.73591000000
3507,3507,8871931.82758000000,4285663.73355000000
3509,3509,8825863.51648000000,4275747.91013000000
3512,3512,8789357.53033000000,4274177.69408000000
3540,3540,8988634.22152000000,4203651.70746000000
3542,3542,8984148.07864000000,4225728.20944000000
3544,3544,8954700.19541000000,4255421.27548000000
3546,3546,8926120.70463000000,4288974.32813000000
3549,3549,8914388.53660000000,4322743.49193000000
3562,3562,9076261.50863000000,4186575.21921000000
3563,3563,9074206.12834000000,4161419.32106000000
3564,3564,9099162.42869000000,4175442.07677000000
3566,3566,9060381.39665000000,4197002.88679000000
3567,3567,9057107.76142000000,4203343.69628000000
3568,3568,9045562.76874000000,4210187.79757000000
3572,3572,9070018.58578000000,4153442.04342000000
3579,3579,9022491.08031000000,4221782.57359000000
3580,3580,9038608.00348000000,4231220.19501000000
3581,3581,9010214.20030000000,4228191.07593000000
3584,3584,8997811.12224000000,4248432.53324000000
3585,3585,8978922.23422000000,4251740.44373000000
3588,3588,8976305.42093000000,4268049.76561000000
3589,3589,8976486.73124000000,4268561.32722000000
3590,3590,8977939.29816000000,4275566.80955000000
3591,3591,8969786.98053000000,4273505.50721000000
3594,3594,8968285.06503000000,4281037.85447000000
3595,3595,8965294.87550000000,4279643.43296000000
3596,3596,8965916.98156000000,4285993.61232000000
3597,3597,8949802.35720000000,4307900.46748000000
3620,3620,9121401.67876000000,4159606.94262000000
3621,3621,9116443.74486000000,4164374.86948000000
3622,3622,9108629.44160000000,4166550.42559000000
3635,3635,9152636.72118000000,4175397.53352000000
3636,3636,9164957.88468000000,4182259.50950000000
3637,3637,9141879.51146000000,4199335.60796000000
3638,3638,9130148.13251000000,4182944.94907000000
3639,3639,9123709.18804000000,4197407.10405000000
3640,3640,9164025.00185000000,4193241.68829000000
3641,3641,9158165.64296000000,4203467.69114000000
3646,3646,9182579.80690000000,4160969.08032000000
3649,3649,9181662.91770000000,4185105.34133000000
3675,3675,9233409.25849000000,4129802.00156000000
3678,3678,9250450.09374000000,4128531.75058000000
3682,3682,9245594.69264000000,4179826.81125000000
3683,3683,9264112.69938000000,4174209.28165000000
3685,3685,9255209.95478000000,4191079.44186000000
3687,3687,9245778.55116000000,4192511.07996000000
3688,3688,9272850.31828000000,4179447.32326000000
3690,3690,9289668.15064000000,4180974.77267000000
3691,3691,9301708.80844000000,4162087.34210000000
3694,3694,9293935.03188000000,4177931.53958000000
3695,3695,9309705.53634000000,4154234.05078000000
3697,3697,9317412.07620000000,4114552.93356000000
3698,3698,9313705.96929000000,4112289.72323000000
3699,3699,9318710.20598000000,4107434.20409000000
3701,3701,9338281.91054000000,4138627.76948000000
3705,3705,9359438.62619000000,4173476.61472000000
3707,3707,9383380.20586000000,4146305.61462000000
3709,3709,9360413.26037000000,4189645.10963000000
3727,3727,9200050.36180000000,4171594.09792000000
3730,3730,9207817.46333000000,4187297.41209000000
3732,3732,9242824.82147000000,4127725.99900000000
3733,3733,9239837.82255000000,4107021.02781000000
3735,3735,9263626.92302000000,4131389.25212000000
3737,3737,9280720.39095000000,4103900.58042000000
3740,3740,9294231.95533000000,4106473.79944000000
3741,3741,9311137.33146000000,4082460.11908000000
3744,3744,9298510.22194000000,4107913.82520000000
3746,3746,9256771.13670000000,4159535.70509000000
3749,3749,9288032.40631000000,4154435.67726000000
3864,3864,9326886.76144000000,4001424.24311000000
3865,3865,9339863.78488000000,3993039.16083000000
3875,3875,9348402.52439000000,3987147.68789000000
3882,3882,9366573.57348000000,3991783.10515000000
3886,3886,9426791.18444000000,3996047.79334000000
3887,3887,9392321.83660000000,4000023.26495000000
3888,3888,9438975.95531000000,4042512.72382000000
3889,3889,9487988.88336000000,4024453.66611000000
3890,3890,9491631.33304000000,4017455.17308000000
3891,3891,9528113.77122000000,4019466.86540000000
3892,3892,9544285.61282000000,4018445.00000000000
3895,3895,9378606.79847000000,4030947.54844000000
3896,3896,9366339.73837000000,4060091.20980000000
3900,3900,9355834.11640000000,4095716.69172000000
3902,3902,9372007.99665000000,3991184.12154000000
4124,4124,9883643.70707000000,5093934.67727000000
4211,4211,9915687.65778000000,5056456.08400000000
4213,4213,9921057.64729000000,5049726.02688000000
4223,4223,9929947.76682000000,5042761.64467000000
4224,4224,9937891.43110000000,5047315.60900000000
4225,4225,9940420.94996000000,5045390.19825000000
4227,4227,9929553.61452000000,5052947.88025000000
4228,4228,9926027.44253000000,5044441.26765000000
4270,4270,9904431.55508000000,5079888.57731000000
4271,4271,9911214.45247000000,5074544.62080000000
4272,4272,9909587.40551000000,5071672.56682000000
4275,4275,9903597.80395000000,5050405.18986000000
4280,4280,9893332.62128000000,5087321.63486000000
4285,4285,9886955.23250000000,5056592.59542000000
4287,4287,9867440.60467000000,5041808.56598000000
4307,4307,9856550.88433000000,5089252.53650000000
4309,4309,9842635.15233000000,5066434.19206000000
4310,4310,9858522.92601000000,5061189.42244000000
4340,4340,9844844.36264000000,5095565.20294000000
4362,4362,9795671.94006000000,5067428.77978000000
4365,4365,9752229.42451000000,5070604.25001000000
4370,4370,9795577.47746000000,5049636.22056000000
4371,4371,9822629.66156000000,5049933.59179000000
4372,4372,9813432.36781000000,5038273.14806000000
4373,4373,9825469.13949000000,5036770.57367000000
4374,4374,9784688.89217000000,5026296.19347000000
4375,4375,9783770.79911000000,5013830.16400000000
4376,4376,9782893.61202000000,5010296.13524000000
4377,4377,9784132.14510000000,5006885.92506000000
4378,4378,9782618.09261000000,5003352.86965000000
4380,4380,9758339.67725000000,4987052.49946000000
4381,4381,9776871.39844000000,4990013.78394000000
4382,4382,9769908.30503000000,4977796.06766000000
4385,4385,9707423.15907000000,4990411.15398000000
4387,4387,9721523.04956000000,5029400.01678000000
4388,4388,9660348.41185000000,5023693.92450000000
4390,4390,9631078.77733000000,5055038.12615000000
4480,4480,8989143.77671000000,5261366.82354000000
4486,4486,9402015.79048000000,5016570.45622000000
4487,4487,9458591.64477000000,5086865.13289000000
4488,4488,9333594.51759000000,5037154.45550000000
4490,4490,9179055.38023000000,5073610.27569000000
4492,4492,8865930.81973000000,5071390.55988000000
4494,4494,9560186.45315000000,5054587.18528000000
4496,4496,9517075.33409000000,5025523.72985000000
4497,4497,9474374.78248000000,5008362.37159000000
4498,4498,9585196.79719000000,5027923.44005000000
5301,5301,8674148.06287000000,4235547.68792000000
5302,5302,8710201.50322000000,4231598.02403000000
5303,5303,8733157.23865000000,4260219.50512000000
5304,5304,8744447.62631000000,4261536.42673000000
5307,5307,8648210.85594000000,4269111.16893000000
5308,5308,8661102.93959000000,4316385.29283000000
5309,5309,8672121.26872000000,4283652.85902000000
5311,5311,8722166.77436000000,4323060.51910000000
5331,5331,8677292.35108000000,4371495.72888000000
5332,5332,8686928.29200000000,4364226.74298000000
5333,5333,8688898.74296000000,4343429.40874000000
5340,5340,8733035.22484000000,4381421.24947000000
5341,5341,8718404.36338000000,4382210.04393000000
5342,5342,8708813.18505000000,4373810.96097000000
5343,5343,8703508.86190000000,4362126.06726000000
5344,5344,8704422.28075000000,4368771.45845000000
5345,5345,8694933.35755000000,4376650.10895000000
5374,5374,8577703.72270000000,4373801.29668000000
5381,5381,8577439.02104000000,4399481.18099000000
5416,5416,8540235.57248000000,4407730.32482000000
5417,5417,8559500.17868000000,4425599.57736000000
5419,5419,8558581.20657000000,4456465.65233000000
5421,5421,8560427.21627000000,4478581.62234000000
5422,5422,8550430.06209000000,4513745.09865000000
5431,5431,8514825.11119000000,4553100.45721000000
5440,5440,8627288.91881000000,4576764.76316000000
5481,5481,8486119.57150000000,4492239.06705000000
5482,5482,8490040.98345000000,4511013.19841000000
5483,5483,8465722.71264000000,4508170.77828000000
5485,5485,8474918.48982000000,4539505.49533000000
5495,5495,8465533.63756000000,4491024.27463000000
5700,5700,8441239.71082000000,4539554.54998000000
5710,5710,8189139.17338000000,4816588.28695000000
5720,5720,8330689.95135000000,4687162.15646000000
5722,5722,8356726.49636000000,4769239.98314000000
5725,5725,8329255.21233000000,4762927.86538000000
5731,5731,8471370.51240000000,5026166.52216000000
5732,5732,8529265.20488000000,4770338.44089000000
5734,5734,8159143.09042000000,5071759.25951000000
2620,2620,9491391.46540000000,4248578.87302000000
5433,5433,8479773.47136000000,4598913.07507000000
2913,2913,9492286.51589000000,4283288.84387000000
2913,2913,9495766.11982000000,4281468.77520000000
2914,2914,9495400.18212000000,4285414.99197000000
2914,2914,9496955.84051000000,4281490.43582000000
2081,2081,9689617.56081000000,4454427.64806000000
2081,2081,9687507.75584000000,4455111.96719000000
2100,2100,9694131.52863000000,4437079.09930000000
2100,2100,9696585.55100000000,4433326.79682000000
2232,2232,9675487.99865000000,4406381.16004000000
2232,2232,9677240.87954000000,4403322.68455000000
2286,2286,9729096.79839000000,4531843.14120000000
2286,2286,9729043.50769000000,4528809.78400000000
2305,2305,9740206.86768000000,4526732.54048000000
2305,2305,9737353.95308000000,4526524.05284000000
2320,2320,9742167.48168000000,4560723.29001000000
2320,2320,9726339.82647000000,4553639.32448000000
2320,2320,9702118.61527000000,4548941.00585000000
2320,2320,9736525.03659000000,4553223.59644000000
2322,2322,9734039.39315000000,4544978.76409000000
2322,2322,9738654.12762000000,4538464.01152000000
2710,2710,9107414.44150000000,4271024.59088000000
2710,2710,9062866.62322000000,4250688.07877000000
2731,2731,9078739.30859000000,4207293.07506000000
2731,2731,9115450.75080000000,4189218.49998000000
2340,2340,9679720.08887000000,4714539.02224000000
2340,2340,9629207.41138000000,4746026.44438000000
2371,2371,9762314.53001000000,4909544.94116000000
2371,2371,9745480.11047000000,4912467.83936000000
2429,2429,9804488.42027000000,4655277.89174000000
2429,2429,9793860.24727000000,4617744.11854000000
2463,2463,9900240.63094000000,4905161.73846000000
2463,2463,9913521.97561000000,4886560.05789000000
2476,2476,9852315.60883000000,5021163.09467000000
2476,2476,9807940.44902000000,5014959.59672000000
2539,2539,9615129.54081000000,4270637.14522000000
2539,2539,9620864.83960000000,4270197.18255000000
2539,2539,9605972.82947000000,4246682.43827000000
2539,2539,9610946.18181000000,4241902.27578000000
2539,2539,9608437.77792000000,4239241.66132000000
2579,2579,9577948.27753000000,4332134.62209000000
2579,2579,9598823.36593000000,4339671.10734000000
2579,2579,9590181.20219000000,4335600.72412000000
3501,3501,8843287.22476000000,4371758.83920000000
3501,3501,8874865.49406000000,4331282.29068000000
3501,3501,8858309.57866000000,4383707.16628000000
3700,3700,9334039.08815000000,4184834.74350000000
3700,3700,9315959.32128000000,4170092.43251000000
3728,3728,9213596.29796000000,4177090.35517000000
3728,3728,9198711.49786000000,4175353.12177000000
3862,3862,9343610.64663000000,4029425.37932000000
3862,3862,9319630.62355000000,3977073.45302000000
3885,3885,9396330.15529000000,4064774.35858000000
3885,3885,9375950.89071000000,4000996.16274000000
3898,3898,9349979.44687000000,4070348.50700000000
3898,3898,9321598.62300000000,4079997.51919000000
3561,3561,9089713.48556000000,4160885.79830000000
3573,3573,9050954.58328000000,4172190.33761000000
3644,3644,9177681.51045000000,4205906.30565000000
4220,4220,9932544.04004000000,5053780.14701000000
4383,4383,9782544.42282000000,4968978.77937000000
5724,5724,7908875.94398000000,5054033.62979000000
3586,3586,8984024.84308000000,4271449.23465000000
3586,3586,8998466.79097000000,4256186.27072000000
